graph_variant,seeding_strategy,trial_number,converged,rounds,final_variance,final_mean
community_removed_10pct,UNIFORM_RANDOM,0,false,500,0.073264,-0.008052
community_removed_10pct,UNIFORM_RANDOM,1,false,500,0.072946,-0.039220
community_removed_10pct,UNIFORM_RANDOM,2,false,500,0.075193,0.052031
community_removed_10pct,UNIFORM_RANDOM,3,false,500,0.073570,0.040145
community_removed_10pct,UNIFORM_RANDOM,4,false,500,0.071762,-0.003385
community_removed_10pct,UNIFORM_RANDOM,5,false,500,0.073481,-0.049000
community_removed_10pct,UNIFORM_RANDOM,6,false,500,0.073740,0.030040
community_removed_10pct,UNIFORM_RANDOM,7,false,500,0.072757,0.039563
community_removed_10pct,UNIFORM_RANDOM,8,false,500,0.073352,-0.029099
community_removed_10pct,UNIFORM_RANDOM,9,false,500,0.075091,-0.100032
community_removed_10pct,BIMODAL_COMMUNITY,0,false,500,0.190078,0.455935
community_removed_10pct,BIMODAL_COMMUNITY,1,false,500,0.188496,0.448757
community_removed_10pct,BIMODAL_COMMUNITY,2,false,500,0.188123,0.443082
community_removed_10pct,BIMODAL_COMMUNITY,3,false,500,0.188085,0.443688
community_removed_10pct,BIMODAL_COMMUNITY,4,false,500,0.189269,0.449249
community_removed_10pct,BIMODAL_COMMUNITY,5,false,500,0.189101,0.449727
community_removed_10pct,BIMODAL_COMMUNITY,6,false,500,0.189015,0.450377
community_removed_10pct,BIMODAL_COMMUNITY,7,false,500,0.188221,0.447120
community_removed_10pct,BIMODAL_COMMUNITY,8,false,500,0.188372,0.446273
community_removed_10pct,BIMODAL_COMMUNITY,9,false,500,0.188549,0.448122
community_removed_10pct,SINGLE_SEED_HIGHDEGREE,0,true,28,0.000003,0.003001
degree_removed_10pct,UNIFORM_RANDOM,0,false,500,0.265267,-0.002976
degree_removed_10pct,UNIFORM_RANDOM,1,false,500,0.264599,0.005520
degree_removed_10pct,UNIFORM_RANDOM,2,false,500,0.262237,-0.001057
degree_removed_10pct,UNIFORM_RANDOM,3,false,500,0.263543,-0.005573
degree_removed_10pct,UNIFORM_RANDOM,4,false,500,0.263770,0.008062
degree_removed_10pct,UNIFORM_RANDOM,5,false,500,0.264601,-0.005647
degree_removed_10pct,UNIFORM_RANDOM,6,false,500,0.258532,0.008303
degree_removed_10pct,UNIFORM_RANDOM,7,false,500,0.263906,0.004205
degree_removed_10pct,UNIFORM_RANDOM,8,false,500,0.265156,0.002975
degree_removed_10pct,UNIFORM_RANDOM,9,false,500,0.269630,0.006569
degree_removed_10pct,BIMODAL_COMMUNITY,0,false,500,0.526565,0.415495
degree_removed_10pct,BIMODAL_COMMUNITY,1,false,500,0.526754,0.415765
degree_removed_10pct,BIMODAL_COMMUNITY,2,false,500,0.525582,0.415164
degree_removed_10pct,BIMODAL_COMMUNITY,3,false,500,0.525090,0.415408
degree_removed_10pct,BIMODAL_COMMUNITY,4,false,500,0.526274,0.414229
degree_removed_10pct,BIMODAL_COMMUNITY,5,false,500,0.526907,0.415716
degree_removed_10pct,BIMODAL_COMMUNITY,6,false,500,0.528030,0.416896
degree_removed_10pct,BIMODAL_COMMUNITY,7,false,500,0.526392,0.416121
degree_removed_10pct,BIMODAL_COMMUNITY,8,false,500,0.526983,0.415065
degree_removed_10pct,BIMODAL_COMMUNITY,9,false,500,0.525270,0.415811
degree_removed_10pct,SINGLE_SEED_HIGHDEGREE,0,true,15,0.000000,0.000003
original,UNIFORM_RANDOM,0,false,500,0.088011,0.024804
original,UNIFORM_RANDOM,1,false,500,0.088434,-0.001862
original,UNIFORM_RANDOM,2,false,500,0.088651,-0.053623
original,UNIFORM_RANDOM,3,false,500,0.089721,-0.045194
original,UNIFORM_RANDOM,4,false,500,0.087805,0.018870
original,UNIFORM_RANDOM,5,false,500,0.089653,-0.043077
original,UNIFORM_RANDOM,6,false,500,0.088760,-0.026663
original,UNIFORM_RANDOM,7,false,500,0.088703,-0.020701
original,UNIFORM_RANDOM,8,false,500,0.089572,-0.017707
original,UNIFORM_RANDOM,9,false,500,0.090445,0.008632
original,BIMODAL_COMMUNITY,0,false,500,0.256548,0.402917
original,BIMODAL_COMMUNITY,1,false,500,0.256687,0.402063
original,BIMODAL_COMMUNITY,2,false,500,0.255330,0.398372
original,BIMODAL_COMMUNITY,3,false,500,0.256280,0.402097
original,BIMODAL_COMMUNITY,4,false,500,0.255897,0.400362
original,BIMODAL_COMMUNITY,5,false,500,0.257169,0.403979
original,BIMODAL_COMMUNITY,6,false,500,0.255999,0.399540
original,BIMODAL_COMMUNITY,7,false,500,0.255985,0.401657
original,BIMODAL_COMMUNITY,8,false,500,0.257112,0.403553
original,BIMODAL_COMMUNITY,9,false,500,0.255422,0.400062
original,SINGLE_SEED_HIGHDEGREE,0,true,35,0.000002,0.002037
random_removed_10pct_trial1,UNIFORM_RANDOM,0,false,500,0.091259,0.015773
random_removed_10pct_trial1,UNIFORM_RANDOM,1,false,500,0.090408,-0.005549
random_removed_10pct_trial1,UNIFORM_RANDOM,2,false,500,0.091462,0.019565
random_removed_10pct_trial1,UNIFORM_RANDOM,3,false,500,0.091261,0.014467
random_removed_10pct_trial1,UNIFORM_RANDOM,4,false,500,0.090817,-0.026201
random_removed_10pct_trial1,BIMODAL_COMMUNITY,0,false,500,0.262643,0.383411
random_removed_10pct_trial1,BIMODAL_COMMUNITY,1,false,500,0.263603,0.390858
random_removed_10pct_trial1,BIMODAL_COMMUNITY,2,false,500,0.264185,0.390444
random_removed_10pct_trial1,BIMODAL_COMMUNITY,3,false,500,0.264149,0.390791
random_removed_10pct_trial1,BIMODAL_COMMUNITY,4,false,500,0.264630,0.391317
random_removed_10pct_trial1,SINGLE_SEED_HIGHDEGREE,0,true,28,0.000003,0.002521
random_removed_10pct_trial2,UNIFORM_RANDOM,0,false,500,0.092004,-0.020208
random_removed_10pct_trial2,UNIFORM_RANDOM,1,false,500,0.093354,0.016315
random_removed_10pct_trial2,UNIFORM_RANDOM,2,false,500,0.092065,0.020568
random_removed_10pct_trial2,UNIFORM_RANDOM,3,false,500,0.091062,0.012631
random_removed_10pct_trial2,UNIFORM_RANDOM,4,false,500,0.092900,-0.018381
random_removed_10pct_trial2,BIMODAL_COMMUNITY,0,false,500,0.266445,0.398815
random_removed_10pct_trial2,BIMODAL_COMMUNITY,1,false,500,0.264917,0.394634
random_removed_10pct_trial2,BIMODAL_COMMUNITY,2,false,500,0.266126,0.396557
random_removed_10pct_trial2,BIMODAL_COMMUNITY,3,false,500,0.266626,0.399587
random_removed_10pct_trial2,BIMODAL_COMMUNITY,4,false,500,0.263673,0.389948
random_removed_10pct_trial2,SINGLE_SEED_HIGHDEGREE,0,true,35,0.000002,0.002146
random_removed_10pct_trial3,UNIFORM_RANDOM,0,false,500,0.090977,-0.024007
random_removed_10pct_trial3,UNIFORM_RANDOM,1,false,500,0.090110,0.046107
random_removed_10pct_trial3,UNIFORM_RANDOM,2,false,500,0.092428,-0.036678
random_removed_10pct_trial3,UNIFORM_RANDOM,3,false,500,0.090988,0.001605
random_removed_10pct_trial3,UNIFORM_RANDOM,4,false,500,0.090135,0.006114
random_removed_10pct_trial3,BIMODAL_COMMUNITY,0,false,500,0.264076,0.387797
random_removed_10pct_trial3,BIMODAL_COMMUNITY,1,false,500,0.262594,0.382515
random_removed_10pct_trial3,BIMODAL_COMMUNITY,2,false,500,0.262189,0.382311
random_removed_10pct_trial3,BIMODAL_COMMUNITY,3,false,500,0.263590,0.386879
random_removed_10pct_trial3,BIMODAL_COMMUNITY,4,false,500,0.262403,0.383384
random_removed_10pct_trial3,SINGLE_SEED_HIGHDEGREE,0,true,35,0.000002,0.002260
random_removed_10pct_trial4,UNIFORM_RANDOM,0,false,500,0.093723,0.024734
random_removed_10pct_trial4,UNIFORM_RANDOM,1,false,500,0.092733,-0.025459
random_removed_10pct_trial4,UNIFORM_RANDOM,2,false,500,0.093856,0.002421
random_removed_10pct_trial4,UNIFORM_RANDOM,3,false,500,0.091801,-0.021660
random_removed_10pct_trial4,UNIFORM_RANDOM,4,false,500,0.091265,0.008120
random_removed_10pct_trial4,BIMODAL_COMMUNITY,0,false,500,0.269144,0.376458
random_removed_10pct_trial4,BIMODAL_COMMUNITY,1,false,500,0.270463,0.383677
random_removed_10pct_trial4,BIMODAL_COMMUNITY,2,false,500,0.269881,0.381140
random_removed_10pct_trial4,BIMODAL_COMMUNITY,3,false,500,0.269980,0.381420
random_removed_10pct_trial4,BIMODAL_COMMUNITY,4,false,500,0.269936,0.380109
random_removed_10pct_trial4,SINGLE_SEED_HIGHDEGREE,0,true,35,0.000002,0.002177
random_removed_10pct_trial5,UNIFORM_RANDOM,0,false,500,0.090201,-0.026364
random_removed_10pct_trial5,UNIFORM_RANDOM,1,false,500,0.090603,0.027936
random_removed_10pct_trial5,UNIFORM_RANDOM,2,false,500,0.090427,0.042418
random_removed_10pct_trial5,UNIFORM_RANDOM,3,false,500,0.091504,0.048049
random_removed_10pct_trial5,UNIFORM_RANDOM,4,false,500,0.090566,-0.055315
random_removed_10pct_trial5,BIMODAL_COMMUNITY,0,false,500,0.268436,0.402644
random_removed_10pct_trial5,BIMODAL_COMMUNITY,1,false,500,0.269620,0.406341
random_removed_10pct_trial5,BIMODAL_COMMUNITY,2,false,500,0.267422,0.399097
random_removed_10pct_trial5,BIMODAL_COMMUNITY,3,false,500,0.268132,0.401124
random_removed_10pct_trial5,BIMODAL_COMMUNITY,4,false,500,0.269163,0.404850
random_removed_10pct_trial5,SINGLE_SEED_HIGHDEGREE,0,true,35,0.000002,0.002221
